dsc,dsr,mig,emp,hhinc
-460691.923289682,-27454.554285654274,-129.25938094640338,-633.0859817973251,-63501.179656625754
