dsc,dsr,mig,emp,hhinc
-665213.033643144,-40580.6013156318,-185.62219166897955,-868.4991385440544,-92204.18520044468
