dsc,dsr,mig,emp,hhinc
-372856.80405038124,-22109.906883269134,-104.49238015986327,-510.58028868804826,-50626.08384914675
